datum,hodnota
2015-04-30,1026
2015-04-29,1025
2015-04-28,1031
2015-04-27,1042
2015-04-24,1049
2015-04-23,1042
2015-04-22,1043
2015-04-21,1057
2015-04-20,1051
2015-04-17,1049
2015-04-16,1057
2015-04-15,1051
2015-04-14,1053
2015-04-13,1058
2015-04-10,1052
2015-04-09,1053
2015-04-08,1048
2015-04-07,1051
2015-04-02,1049
2015-04-01,1044
2015-03-31,1034
2015-03-30,1031
2015-03-27,1023
2015-03-26,1032
2015-03-25,1043
2015-03-24,1049
2015-03-23,1045
2015-03-20,1045
2015-03-19,1043
2015-03-18,1031
2015-03-17,1032
2015-03-16,1036
2015-03-13,1036
2015-03-12,1023
2015-03-11,1016
2015-03-10,1012
2015-03-09,1024
2015-03-06,1037
2015-03-05,1029
2015-03-04,1014
2015-03-03,1017
2015-03-02,1025
2015-02-27,1023
2015-02-26,1028
2015-02-25,1029
2015-02-24,1026
2015-02-23,1020
2015-02-20,1016
2015-02-19,1007
2015-02-18,1007
2015-02-17,1008
2015-02-16,1018
2015-02-13,1023
2015-02-12,1010
2015-02-11,988
2015-02-10,990
2015-02-09,981
2015-02-06,979
2015-02-05,971
2015-02-04,980
2015-02-03,976
2015-02-02,958
2015-01-30,956
2015-01-29,954
2015-01-28,957
2015-01-27,971
2015-01-26,973
2015-01-23,962
2015-01-22,961
2015-01-21,953
2015-01-20,949
2015-01-19,951
2015-01-16,949
2015-01-15,946
2015-01-14,959
2015-01-13,963
2015-01-12,946
2015-01-09,946
2015-01-08,947
2015-01-07,933
2015-01-06,940
2015-01-05,943
2015-01-02,962
2014-12-30,947
2014-12-29,946
2014-12-23,952
2014-12-22,957
2014-12-19,945
2014-12-18,951
2014-12-17,941
2014-12-16,945
2014-12-15,961
2014-12-12,971
2014-12-11,984
2014-12-10,995
2014-12-09,992
2014-12-08,1008
2014-12-05,1006
2014-12-04,1001
2014-12-03,1020
2014-12-02,1008
2014-12-01,1007
2014-11-28,1007
2014-11-27,1002
2014-11-26,995
2014-11-25,988
2014-11-24,981
2014-11-21,980
2014-11-20,971
2014-11-19,981
2014-11-18,973
2014-11-14,961
2014-11-13,959
2014-11-12,965
2014-11-11,975
2014-11-10,976
2014-11-07,969
2014-11-06,963
2014-11-05,963
2014-11-04,973
2014-11-03,975
2014-10-31,981
2014-10-30,965
2014-10-29,957
2014-10-27,965
2014-10-24,950
2014-10-23,947
2014-10-22,942
2014-10-21,939
2014-10-20,926
2014-10-17,927
2014-10-16,901
2014-10-15,924
2014-10-14,939
2014-10-13,950
2014-10-10,952
2014-10-09,962
2014-10-08,960
2014-10-07,964
2014-10-06,978
2014-10-03,976
2014-10-02,974
2014-10-01,989
2014-09-30,991
2014-09-29,986
2014-09-26,980
2014-09-25,982
2014-09-24,977
2014-09-23,983
2014-09-22,994
2014-09-19,1003
2014-09-18,996
2014-09-17,985
2014-09-16,978
2014-09-15,991
2014-09-12,997
2014-09-11,995
2014-09-10,998
2014-09-09,998
2014-09-08,995
2014-09-05,997
2014-09-04,993
2014-09-03,991
2014-09-02,989
2014-09-01,981
2014-08-29,980
2014-08-28,976
2014-08-27,993
2014-08-26,993
2014-08-25,995
2014-08-22,987
2014-08-21,982
2014-08-20,977
2014-08-19,983
2014-08-18,985
2014-08-15,984
2014-08-14,976
2014-08-13,969
2014-08-12,958
2014-08-11,965
2014-08-08,951
2014-08-07,952
2014-08-06,950
2014-08-05,954
2014-08-04,952
2014-08-01,951
2014-07-31,957
2014-07-30,962
2014-07-29,962
2014-07-28,958
2014-07-25,962
2014-07-24,953
2014-07-23,951
2014-07-22,953
2014-07-21,946
2014-07-18,944
2014-07-17,958
2014-07-16,962
2014-07-15,960
2014-07-14,962
2014-07-11,961
2014-07-10,943
2014-07-09,948
2014-07-08,934
2014-07-07,952
2014-07-04,959
2014-07-03,997
2014-07-02,997
2014-07-01,1000
2014-06-30,1009
2014-06-27,1008
2014-06-26,1005
2014-06-25,1008
2014-06-24,1018
2014-06-23,1031
2014-06-20,1033
2014-06-19,1030
2014-06-18,1028
2014-06-17,1034
2014-06-16,1034
2014-06-13,1033
2014-06-12,1037
2014-06-11,1038
2014-06-10,1041
2014-06-09,1035
2014-06-06,1036
2014-06-05,1030
2014-06-04,1026
2014-06-03,1032
2014-06-02,1028
2014-05-30,1027
2014-05-29,1016
2014-05-28,1015
2014-05-27,1009
2014-05-26,1007
2014-05-23,998
2014-05-22,992
2014-05-21,986
2014-05-20,990
2014-05-19,986
2014-05-16,986
2014-05-15,981
2014-05-14,987
2014-05-13,994
2014-05-12,1004
2014-05-09,1005
2014-05-07,1008
2014-05-06,1011
2014-05-05,1009
2014-05-02,1011
2014-04-30,1010
2014-04-29,1009
2014-04-28,996
2014-04-25,993
2014-04-24,1002
2014-04-23,1008
2014-04-22,1012
2014-04-17,1006
2014-04-16,1002
2014-04-15,996
2014-04-14,994
2014-04-11,993
2014-04-10,1005
2014-04-09,1003
2014-04-08,992
2014-04-07,1013
2014-04-04,1018
2014-04-03,1016
2014-04-02,1018
2014-04-01,1017
2014-03-31,1006
2014-03-28,1006
2014-03-27,996
2014-03-26,1002
2014-03-25,994
2014-03-24,990
2014-03-21,992
2014-03-20,985
2014-03-19,989
2014-03-18,986
2014-03-17,978
2014-03-14,950
2014-03-13,970
2014-03-12,968
2014-03-11,985
2014-03-10,991
2014-03-07,1002
2014-03-06,1009
2014-03-05,1005
2014-03-04,1002
2014-03-03,991
2014-02-28,1015
2014-02-27,1014
2014-02-26,1020
2014-02-25,1030
2014-02-24,1039
2014-02-21,1046
2014-02-20,1036
2014-02-19,1038
2014-02-18,1037
2014-02-17,1033
2014-02-14,1027
2014-02-13,1017
2014-02-12,1018
2014-02-11,1002
2014-02-10,1006
2014-02-07,1001
2014-02-06,1005
2014-02-05,985
2014-02-04,981
2014-02-03,987
2014-01-31,991
2014-01-30,994
2014-01-29,991
2014-01-28,1004
2014-01-27,999
2014-01-24,1015
2014-01-23,1027
2014-01-22,1030
2014-01-21,1026
2014-01-20,1026
2014-01-17,1027
2014-01-16,1026
2014-01-15,1036
2014-01-14,1023
2014-01-13,1028
2014-01-10,1009
2014-01-09,999
2014-01-08,996
2014-01-07,988
2014-01-06,990
2014-01-03,993
2014-01-02,994
2013-12-30,989
2013-12-27,987
2013-12-23,983
2013-12-20,978
2013-12-19,975
2013-12-18,974
2013-12-17,962
2013-12-16,966
2013-12-13,956
2013-12-12,966
2013-12-11,978
2013-12-10,972
2013-12-09,972
2013-12-06,975
2013-12-05,983
2013-12-04,998
2013-12-03,1010
2013-12-02,1021
2013-11-29,1032
2013-11-28,1027
2013-11-27,1026
2013-11-26,1013
2013-11-25,1021
2013-11-22,1019
2013-11-21,1012
2013-11-20,1014
2013-11-19,1017
2013-11-18,1022
2013-11-15,1009
2013-11-14,1002
2013-11-13,999
2013-11-12,1017
2013-11-11,1023
2013-11-08,1019
2013-11-07,1041
2013-11-06,1028
2013-11-05,1013
2013-11-04,1026
2013-11-01,1014
2013-10-31,1015
2013-10-30,1017
2013-10-29,1017
2013-10-25,991
2013-10-24,991
2013-10-23,990
2013-10-22,998
2013-10-21,997
2013-10-18,989
2013-10-17,979
2013-10-16,982
2013-10-15,976
2013-10-14,967
2013-10-11,963
2013-10-10,966
2013-10-09,961
2013-10-08,962
2013-10-07,964
2013-10-04,962
2013-10-03,961
2013-10-02,969
2013-10-01,967
2013-09-30,958
2013-09-27,960
2013-09-26,957
2013-09-25,960
2013-09-24,962
2013-09-23,957
2013-09-20,952
2013-09-19,974
2013-09-18,975
2013-09-17,978
2013-09-16,981
2013-09-13,968
2013-09-12,977
2013-09-11,978
2013-09-10,972
2013-09-09,952
2013-09-06,947
2013-09-05,950
2013-09-04,937
2013-09-03,944
2013-09-02,944
2013-08-30,945
2013-08-29,950
2013-08-28,945
2013-08-27,952
2013-08-26,964
2013-08-23,968
2013-08-22,962
2013-08-21,958
2013-08-20,961
2013-08-19,976
2013-08-16,982
2013-08-15,971
2013-08-14,983
2013-08-13,983
2013-08-12,970
2013-08-09,972
2013-08-08,971
2013-08-07,956
2013-08-06,950
2013-08-05,948
2013-08-02,948
2013-08-01,935
2013-07-31,919
2013-07-30,917
2013-07-29,910
2013-07-26,912
2013-07-25,906
2013-07-24,905
2013-07-23,895
2013-07-22,882
2013-07-19,884
2013-07-18,892
2013-07-17,886
2013-07-16,888
2013-07-15,896
2013-07-12,899
2013-07-11,886
2013-07-10,871
2013-07-09,868
2013-07-08,876
2013-07-04,873
2013-07-03,867
2013-07-02,881
2013-07-01,876
2013-06-28,878
2013-06-27,872
2013-06-26,862
2013-06-25,853
2013-06-24,855
2013-06-21,878
2013-06-20,898
2013-06-19,925
2013-06-18,925
2013-06-17,924
2013-06-14,927
2013-06-13,928
2013-06-12,935
2013-06-11,943
2013-06-10,950
2013-06-07,957
2013-06-06,957
2013-06-05,963
2013-06-04,968
2013-06-03,955
2013-05-31,958
2013-05-30,975
2013-05-29,980
2013-05-28,986
2013-05-27,981
2013-05-24,971
2013-05-23,979
2013-05-22,989
2013-05-21,986
2013-05-20,983
2013-05-17,983
2013-05-16,985
2013-05-15,981
2013-05-14,975
2013-05-13,968
2013-05-10,966
2013-05-09,969
2013-05-07,970
2013-05-06,967
2013-05-03,964
2013-05-02,961
2013-04-30,968
2013-04-29,964
2013-04-26,958
2013-04-25,964
2013-04-24,966
2013-04-23,959
2013-04-22,954
2013-04-19,942
2013-04-18,931
2013-04-17,950
2013-04-16,959
2013-04-15,960
2013-04-12,978
2013-04-11,978
2013-04-10,968
2013-04-09,947
2013-04-08,942
2013-04-05,947
2013-04-04,955
2013-04-03,967
2013-04-02,978
2013-03-28,963
2013-03-27,954
2013-03-26,960
2013-03-25,967
2013-03-22,981
2013-03-21,983
2013-03-20,982
2013-03-19,981
2013-03-18,988
2013-03-15,995
2013-03-14,1019
2013-03-13,1017
2013-03-12,1024
2013-03-11,1034
2013-03-08,1039
2013-03-07,1028
2013-03-06,1029
2013-03-05,1017
2013-03-04,1006
2013-03-01,1013
2013-02-28,1015
2013-02-27,996
2013-02-26,993
2013-02-25,1014
2013-02-22,1000
2013-02-21,993
2013-02-20,1004
2013-02-19,1001
2013-02-18,1001
2013-02-15,1004
2013-02-14,999
2013-02-13,1010
2013-02-12,1002
2013-02-11,999
2013-02-08,994
2013-02-07,986
2013-02-06,994
2013-02-05,999
2013-02-04,1008
2013-02-01,1017
2013-01-31,1021
2013-01-30,1018
2013-01-29,1020
2013-01-28,1013
2013-01-25,1024
2013-01-24,1022
2013-01-23,1027
2013-01-22,1025
2013-01-21,1030
2013-01-18,1043
2013-01-17,1042
2013-01-16,1039
2013-01-15,1042
2013-01-14,1047
2013-01-11,1054
2013-01-10,1048
2013-01-09,1066
2013-01-08,1061
2013-01-07,1055
2013-01-04,1062
2013-01-03,1063
2013-01-02,1066
2012-12-28,1039
2012-12-27,1036
2012-12-21,1036
2012-12-20,1034
2012-12-19,1041
2012-12-18,1031
2012-12-17,1011
2012-12-14,1008
2012-12-13,1002
2012-12-12,1002
2012-12-11,993
2012-12-10,986
2012-12-07,994
2012-12-06,1000
2012-12-05,998
2012-12-04,994
2012-12-03,994
2012-11-30,997
2012-11-29,992
2012-11-28,976
2012-11-27,995
2012-11-26,983
2012-11-23,977
2012-11-22,963
2012-11-21,963
2012-11-20,970
2012-11-19,975
2012-11-16,970
2012-11-15,969
2012-11-14,974
2012-11-13,966
2012-11-12,978
2012-11-09,980
2012-11-08,985
2012-11-07,989
2012-11-06,996
2012-11-05,988
2012-11-02,981
2012-11-01,976
2012-10-31,971
2012-10-30,970
2012-10-29,959
2012-10-26,964
2012-10-25,977
2012-10-24,976
2012-10-23,972
2012-10-22,990
2012-10-19,988
2012-10-18,994
2012-10-17,995
2012-10-16,995
2012-10-15,987
2012-10-12,986
2012-10-11,986
2012-10-10,984
2012-10-09,986
2012-10-08,986
2012-10-05,986
2012-10-04,969
2012-10-03,964
2012-10-02,960
2012-10-01,968
2012-09-27,953
2012-09-26,944
2012-09-25,964
2012-09-24,961
2012-09-21,963
2012-09-20,956
2012-09-19,966
2012-09-18,967
2012-09-17,970
2012-09-14,978
2012-09-13,954
2012-09-12,964
2012-09-11,953
2012-09-10,956
2012-09-07,968
2012-09-06,952
2012-09-05,945
2012-09-04,945
2012-09-03,949
2012-08-31,952
2012-08-30,939
2012-08-29,938
2012-08-28,943
2012-08-27,954
2012-08-24,946
2012-08-23,955
2012-08-22,957
2012-08-21,951
2012-08-20,939
2012-08-17,948
2012-08-16,941
2012-08-15,935
2012-08-14,931
2012-08-13,922
2012-08-10,926
2012-08-09,925
2012-08-08,915
2012-08-07,918
2012-08-06,914
2012-08-03,899
2012-08-02,889
2012-08-01,894
2012-07-31,891
2012-07-30,906
2012-07-27,896
2012-07-26,888
2012-07-25,880
2012-07-24,879
2012-07-23,876
2012-07-20,898
2012-07-19,910
2012-07-18,902
2012-07-17,908
2012-07-16,901
2012-07-13,904
2012-07-12,897
2012-07-11,907
2012-07-10,904
2012-07-09,908
2012-07-04,916
2012-07-03,913
2012-07-02,912
2012-06-29,901
2012-06-28,881
2012-06-27,886
2012-06-26,884
2012-06-25,878
2012-06-22,900
2012-06-21,902
2012-06-20,897
2012-06-19,900
2012-06-18,885
2012-06-15,886
2012-06-14,876
2012-06-13,874
2012-06-12,870
2012-06-11,880
2012-06-08,886
2012-06-07,893
2012-06-06,881
2012-06-05,875
2012-06-04,864
2012-06-01,859
2012-05-31,866
2012-05-30,877
2012-05-29,878
2012-05-28,866
2012-05-25,870
2012-05-24,879
2012-05-23,878
2012-05-22,882
2012-05-21,873
2012-05-18,869
2012-05-17,868
2012-05-16,876
2012-05-15,876
2012-05-14,893
2012-05-11,910
2012-05-10,912
2012-05-09,893
2012-05-07,916
2012-05-04,919
2012-05-03,925
2012-05-02,933
2012-04-30,939
2012-04-27,935
2012-04-26,930
2012-04-25,935
2012-04-24,922
2012-04-23,911
2012-04-20,927
2012-04-19,918
2012-04-18,923
2012-04-17,921
2012-04-16,919
2012-04-13,931
2012-04-12,940
2012-04-11,940
2012-04-10,926
2012-04-06,928
2012-04-05,935
2012-04-04,946
2012-04-03,965
2012-04-02,968
2012-03-30,973
2012-03-29,969
2012-03-28,987
2012-03-27,990
2012-03-26,988
2012-03-23,988
2012-03-22,990
2012-03-21,992
2012-03-20,993
2012-03-19,999
2012-03-16,994
2012-03-15,993
2012-03-14,1000
2012-03-13,993
2012-03-12,986
2012-03-09,998
2012-03-08,997
2012-03-07,991
2012-03-06,990
2012-03-05,1003
2012-03-02,1018
2012-03-01,1018
2012-02-29,1012
2012-02-28,993
2012-02-27,1004
2012-02-24,1001
2012-02-23,995
2012-02-22,1014
2012-02-21,1016
2012-02-20,1018
2012-02-17,1015
2012-02-16,996
2012-02-15,1007
2012-02-14,1005
2012-02-13,1010
2012-02-10,991
2012-02-09,1026
2012-02-08,1024
2012-02-07,1002
2012-02-06,1011
2012-02-03,1010
2012-02-02,998
2012-02-01,983
2012-01-31,971
2012-01-30,948
2012-01-27,968
2012-01-26,978
2012-01-25,946
2012-01-24,947
2012-01-23,957
2012-01-20,935
2012-01-19,918
2012-01-18,902
2012-01-17,889
2012-01-16,896
2012-01-13,891
2012-01-12,898
2012-01-11,891
2012-01-10,898
2012-01-09,885
2012-01-06,894
2012-01-05,902
2012-01-04,927
2012-01-03,934
2012-01-02,924
2011-12-30,911
2011-12-29,906
2011-12-28,905
2011-12-27,906
2011-12-23,899
2011-12-22,892
2011-12-21,880
2011-12-20,868
2011-12-19,853
2011-12-16,857
2011-12-15,857
2011-12-14,854
2011-12-13,862
2011-12-12,860
2011-12-09,873
2011-12-08,876
2011-12-07,880
2011-12-06,890
2011-12-05,901
2011-12-02,888
2011-12-01,874
2011-11-30,879
2011-11-29,843
2011-11-28,859
2011-11-25,843
2011-11-24,852
2011-11-23,845
2011-11-22,846
2011-11-21,855
2011-11-18,871
2011-11-16,886
2011-11-15,892
2011-11-14,907
2011-11-11,910
2011-11-10,902
2011-11-09,904
2011-11-08,909
2011-11-07,902
2011-11-04,918
2011-11-03,923
2011-11-02,905
2011-11-01,897
2011-10-31,930
2011-10-27,968
2011-10-26,953
2011-10-25,945
2011-10-24,940
2011-10-21,931
2011-10-20,916
2011-10-19,927
2011-10-18,925
2011-10-17,918
2011-10-14,936
2011-10-13,942
2011-10-12,948
2011-10-11,924
2011-10-10,933
2011-10-07,950
2011-10-06,937
2011-10-05,899
2011-10-04,891
2011-10-03,918
2011-09-30,934
2011-09-29,941
2011-09-27,934
2011-09-26,902
2011-09-23,864
2011-09-22,896
2011-09-21,929
2011-09-20,907
2011-09-19,907
2011-09-16,951
2011-09-15,968
2011-09-14,945
2011-09-13,947
2011-09-12,947
2011-09-09,984
2011-09-08,1007
2011-09-07,995
2011-09-06,974
2011-09-05,971
2011-09-02,1024
2011-09-01,1040
2011-08-31,1048
2011-08-30,1030
2011-08-29,1030
2011-08-26,1015
2011-08-25,1025
2011-08-24,1015
2011-08-23,999
2011-08-22,1000
2011-08-19,988
2011-08-18,1006
2011-08-17,1022
2011-08-16,1005
2011-08-15,1017
2011-08-12,989
2011-08-11,987
2011-08-10,979
2011-08-09,1001
2011-08-08,1027
2011-08-05,1092
2011-08-04,1121
2011-08-03,1146
2011-08-02,1168
2011-08-01,1179
2011-07-29,1175
2011-07-28,1176
2011-07-27,1180
2011-07-26,1186
2011-07-25,1205
2011-07-22,1205
2011-07-21,1210
2011-07-20,1194
2011-07-19,1186
2011-07-18,1187
2011-07-15,1199
2011-07-14,1201
2011-07-13,1205
2011-07-12,1195
2011-07-11,1202
2011-07-08,1220
2011-07-07,1230
2011-07-04,1232
2011-07-01,1236
2011-06-30,1225
2011-06-29,1216
2011-06-28,1194
2011-06-27,1192
2011-06-24,1205
2011-06-23,1210
2011-06-22,1225
2011-06-21,1230
2011-06-20,1212
2011-06-17,1217
2011-06-16,1214
2011-06-15,1226
2011-06-14,1225
2011-06-13,1227
2011-06-10,1215
2011-06-09,1207
2011-06-08,1218
2011-06-07,1225
2011-06-06,1226
2011-06-03,1232
2011-06-02,1240
2011-06-01,1246
2011-05-31,1249
2011-05-30,1238
2011-05-27,1239
2011-05-26,1241
2011-05-25,1241
2011-05-24,1247
2011-05-23,1245
2011-05-20,1255
2011-05-19,1254
2011-05-18,1245
2011-05-17,1252
2011-05-16,1257
2011-05-13,1266
2011-05-12,1260
2011-05-11,1268
2011-05-10,1265
2011-05-09,1266
2011-05-06,1262
2011-05-05,1259
2011-05-04,1273
2011-05-03,1263
2011-05-02,1275
2011-04-29,1261
2011-04-28,1264
2011-04-27,1264
2011-04-26,1248
2011-04-22,1252
2011-04-21,1255
2011-04-20,1242
2011-04-19,1233
2011-04-18,1223
2011-04-15,1240
2011-04-14,1235
2011-04-13,1250
2011-04-12,1237
2011-04-11,1264
2011-04-08,1271
2011-04-07,1273
2011-04-06,1275
2011-04-05,1264
2011-04-04,1268
2011-04-01,1257
2011-03-31,1257
2011-03-30,1261
2011-03-29,1259
2011-03-28,1257
2011-03-25,1245
2011-03-24,1240
2011-03-23,1226
2011-03-22,1220
2011-03-21,1223
2011-03-18,1211
2011-03-17,1207
2011-03-16,1202
2011-03-15,1206
2011-03-14,1208
2011-03-11,1217
2011-03-10,1212
2011-03-09,1220
2011-03-08,1219
2011-03-07,1223
2011-03-04,1233
2011-03-03,1238
2011-03-02,1229
2011-03-01,1231
2011-02-28,1244
2011-02-25,1241
2011-02-24,1238
2011-02-23,1242
2011-02-22,1241
2011-02-21,1243
2011-02-18,1237
2011-02-17,1231
2011-02-16,1250
2011-02-15,1247
2011-02-14,1251
2011-02-11,1238
2011-02-10,1236
2011-02-09,1251
2011-02-08,1245
2011-02-07,1249
2011-02-04,1255
2011-02-03,1233
2011-02-02,1246
2011-02-01,1247
2011-01-31,1237
2011-01-28,1227
2011-01-27,1248
2011-01-26,1245
2011-01-25,1235
2011-01-24,1256
2011-01-21,1268
2011-01-20,1255
2011-01-19,1272
2011-01-18,1276
2011-01-17,1255
2011-01-14,1242
2011-01-13,1247
2011-01-12,1244
2011-01-11,1230
2011-01-10,1215
2011-01-07,1243
2011-01-06,1253
2011-01-05,1243
2011-01-04,1254
2011-01-03,1243
2010-12-30,1225
2010-12-29,1235
2010-12-28,1220
2010-12-27,1216
2010-12-23,1223
2010-12-22,1224
2010-12-21,1214
2010-12-20,1199
2010-12-17,1188
2010-12-16,1200
2010-12-15,1193
2010-12-14,1189
2010-12-13,1198
2010-12-10,1181
2010-12-09,1169
2010-12-08,1166
2010-12-07,1175
2010-12-06,1175
2010-12-03,1166
2010-12-02,1166
2010-12-01,1149
2010-11-30,1107
2010-11-29,1119
2010-11-26,1127
2010-11-25,1132
2010-11-24,1126
2010-11-23,1122
2010-11-22,1142
2010-11-19,1147
2010-11-18,1151
2010-11-16,1144
2010-11-15,1147
2010-11-12,1156
2010-11-11,1141
2010-11-10,1157
2010-11-09,1172
2010-11-08,1164
2010-11-05,1166
2010-11-04,1174
2010-11-03,1168
2010-11-02,1161
2010-11-01,1158
2010-10-29,1156
2010-10-27,1164
2010-10-26,1155
2010-10-25,1158
2010-10-22,1138
2010-10-21,1140
2010-10-20,1132
2010-10-19,1137
2010-10-18,1134
2010-10-15,1142
2010-10-14,1142
2010-10-13,1152
2010-10-12,1140
2010-10-11,1152
2010-10-08,1142
2010-10-07,1146
2010-10-06,1143
2010-10-05,1130
2010-10-04,1128
2010-10-01,1127
2010-09-30,1132
2010-09-29,1121
2010-09-27,1131
2010-09-24,1136
2010-09-23,1129
2010-09-22,1129
2010-09-21,1138
2010-09-20,1133
2010-09-17,1127
2010-09-16,1139
2010-09-15,1142
2010-09-14,1147
2010-09-13,1149
2010-09-10,1139
2010-09-09,1143
2010-09-08,1136
2010-09-07,1146
2010-09-06,1162
2010-09-03,1171
2010-09-02,1178
2010-09-01,1157
2010-08-31,1141
2010-08-30,1155
2010-08-27,1152
2010-08-26,1148
2010-08-25,1142
2010-08-24,1152
2010-08-23,1180
2010-08-20,1173
2010-08-19,1188
2010-08-18,1185
2010-08-17,1197
2010-08-16,1182
2010-08-13,1174
2010-08-12,1167
2010-08-11,1174
2010-08-10,1192
2010-08-09,1200
2010-08-06,1199
2010-08-05,1197
2010-08-04,1206
2010-08-03,1190
2010-08-02,1190
2010-07-30,1175
2010-07-29,1191
2010-07-28,1184
2010-07-27,1189
2010-07-26,1175
2010-07-23,1166
2010-07-22,1170
2010-07-21,1160
2010-07-20,1143
2010-07-19,1148
2010-07-16,1153
2010-07-15,1175
2010-07-14,1175
2010-07-13,1172
2010-07-12,1149
2010-07-09,1148
2010-07-08,1141
2010-07-07,1118
2010-07-02,1119
2010-07-01,1100
2010-06-30,1104
2010-06-29,1114
2010-06-28,1134
2010-06-25,1131
2010-06-24,1138
2010-06-23,1150
2010-06-22,1172
2010-06-21,1185
2010-06-18,1165
2010-06-17,1158
2010-06-16,1161
2010-06-15,1158
2010-06-14,1153
2010-06-11,1146
2010-06-10,1133
2010-06-09,1107
2010-06-08,1103
2010-06-07,1114
2010-06-04,1135
2010-06-03,1183
2010-06-02,1159
2010-06-01,1154
2010-05-31,1177
2010-05-28,1170
2010-05-27,1145
2010-05-26,1135
2010-05-25,1097
2010-05-24,1157
2010-05-21,1136
2010-05-20,1142
2010-05-19,1190
2010-05-18,1216
2010-05-17,1193
2010-05-14,1195
2010-05-13,1225
2010-05-12,1236
2010-05-11,1207
2010-05-10,1233
2010-05-07,1147
2010-05-06,1180
2010-05-05,1195
2010-05-04,1256
2010-05-03,1283
2010-04-30,1276
2010-04-29,1277
2010-04-28,1270
2010-04-27,1298
2010-04-26,1315
2010-04-23,1293
2010-04-22,1277
2010-04-21,1288
2010-04-20,1285
2010-04-19,1286
2010-04-16,1295
2010-04-15,1304
2010-04-14,1294
2010-04-13,1255
2010-04-12,1248
2010-04-09,1234
2010-04-08,1220
2010-04-07,1243
2010-04-06,1236
2010-04-02,1227
2010-04-01,1223
2010-03-31,1197
2010-03-30,1213
2010-03-29,1204
2010-03-26,1211
2010-03-25,1197
2010-03-24,1184
2010-03-23,1187
2010-03-22,1185
2010-03-19,1189
2010-03-18,1209
2010-03-17,1218
2010-03-16,1202
2010-03-15,1187
2010-03-12,1189
2010-03-11,1177
2010-03-10,1177
2010-03-09,1172
2010-03-08,1171
2010-03-05,1157
2010-03-04,1147
2010-03-03,1149
2010-03-02,1147
2010-03-01,1148
2010-02-26,1139
2010-02-25,1126
2010-02-24,1138
2010-02-23,1143
2010-02-22,1155
2010-02-19,1150
2010-02-18,1142
2010-02-17,1153
2010-02-16,1141
2010-02-15,1130
2010-02-12,1113
2010-02-11,1122
2010-02-10,1132
2010-02-09,1112
2010-02-08,1093
2010-02-05,1094
2010-02-04,1135
2010-02-03,1174
2010-02-02,1177
2010-02-01,1189
2010-01-29,1177
2010-01-28,1186
2010-01-27,1185
2010-01-26,1183
2010-01-25,1195
2010-01-22,1183
2010-01-21,1216
2010-01-20,1220
2010-01-19,1210
2010-01-18,1208
2010-01-15,1186
2010-01-14,1199
2010-01-13,1185
2010-01-12,1177
2010-01-11,1183
2010-01-08,1157
2010-01-07,1153
2010-01-06,1157
2010-01-05,1150
2010-01-04,1133
2009-12-30,1117
2009-12-29,1126
2009-12-28,1114
2009-12-23,1105
2009-12-22,1112
2009-12-21,1109
2009-12-18,1109
2009-12-17,1118
2009-12-16,1115
2009-12-15,1097
2009-12-14,1105
2009-12-11,1110
2009-12-10,1101
2009-12-09,1106
2009-12-08,1121
2009-12-07,1140
2009-12-04,1150
2009-12-03,1128
2009-12-02,1116
2009-12-01,1117
2009-11-30,1117
2009-11-27,1112
2009-11-26,1104
2009-11-25,1128
2009-11-24,1141
2009-11-23,1155
2009-11-20,1150
2009-11-19,1147
2009-11-18,1146
2009-11-16,1152
2009-11-13,1152
2009-11-12,1169
2009-11-11,1158
2009-11-10,1157
2009-11-09,1158
2009-11-06,1135
2009-11-05,1149
2009-11-04,1129
2009-11-03,1112
2009-11-02,1130
2009-10-30,1141
2009-10-29,1130
2009-10-27,1152
2009-10-26,1169
2009-10-23,1175
2009-10-22,1151
2009-10-21,1163
2009-10-20,1169
2009-10-19,1152
2009-10-16,1156
2009-10-15,1162
2009-10-14,1177
2009-10-13,1163
2009-10-12,1184
2009-10-09,1148
2009-10-08,1143
2009-10-07,1134
2009-10-06,1144
2009-10-05,1124
2009-10-02,1116
2009-10-01,1153
2009-09-30,1157
2009-09-29,1145
2009-09-25,1142
2009-09-24,1159
2009-09-23,1166
2009-09-22,1163
2009-09-21,1140
2009-09-18,1156
2009-09-17,1164
2009-09-16,1155
2009-09-15,1134
2009-09-14,1134
2009-09-11,1141
2009-09-10,1148
2009-09-09,1153
2009-09-08,1159
2009-09-07,1156
2009-09-04,1148
2009-09-03,1134
2009-09-02,1120
2009-09-01,1167
2009-08-31,1162
2009-08-28,1133
2009-08-27,1159
2009-08-26,1168
2009-08-25,1195
2009-08-24,1196
2009-08-21,1139
2009-08-20,1137
2009-08-19,1124
2009-08-18,1141
2009-08-17,1129
2009-08-14,1171
2009-08-13,1167
2009-08-12,1115
2009-08-11,1114
2009-08-10,1153
2009-08-07,1141
2009-08-06,1144
2009-08-05,1121
2009-08-04,1092
2009-08-03,1093
2009-07-31,1066
2009-07-30,1030
2009-07-29,994
2009-07-28,987
2009-07-27,993
2009-07-24,980
2009-07-23,957
2009-07-22,955
2009-07-21,969
2009-07-20,963
2009-07-17,944
2009-07-16,948
2009-07-15,950
2009-07-14,931
2009-07-13,908
2009-07-10,889
2009-07-09,891
2009-07-08,882
2009-07-07,881
2009-07-03,876
2009-07-02,887
2009-07-01,899
2009-06-30,898
2009-06-29,892
2009-06-26,895
2009-06-25,893
2009-06-24,905
2009-06-23,886
2009-06-22,899
2009-06-19,932
2009-06-18,922
2009-06-17,922
2009-06-16,932
2009-06-15,940
2009-06-12,957
2009-06-11,965
2009-06-10,969
2009-06-09,961
2009-06-08,941
2009-06-05,951
2009-06-04,932
2009-06-03,924
2009-06-02,928
2009-06-01,918
2009-05-29,865
2009-05-28,902
2009-05-27,910
2009-05-26,915
2009-05-25,925
2009-05-22,926
2009-05-21,928
2009-05-20,947
2009-05-19,915
2009-05-18,900
2009-05-15,901
2009-05-14,885
2009-05-13,903
2009-05-12,963
2009-05-11,963
2009-05-07,983
2009-05-06,952
2009-05-05,935
2009-05-04,904
2009-04-30,881
2009-04-29,848
2009-04-28,818
2009-04-27,824
2009-04-24,834
2009-04-23,824
2009-04-22,822
2009-04-21,812
2009-04-20,828
2009-04-17,845
2009-04-16,850
2009-04-15,840
2009-04-14,845
2009-04-10,842
2009-04-09,841
2009-04-08,814
2009-04-07,787
2009-04-06,814
2009-04-03,824
2009-04-02,803
2009-04-01,755
2009-03-31,750
2009-03-30,745
2009-03-27,788
2009-03-26,811
2009-03-25,807
2009-03-24,779
2009-03-23,765
2009-03-20,730
2009-03-19,743
2009-03-18,706
2009-03-17,693
2009-03-16,693
2009-03-13,692
2009-03-12,677
2009-03-11,676
2009-03-10,660
2009-03-09,640
2009-03-06,643
2009-03-05,640
2009-03-04,646
2009-03-03,631
2009-03-02,637
2009-02-27,641
2009-02-26,643
2009-02-25,642
2009-02-24,645
2009-02-23,645
2009-02-20,648
2009-02-19,657
2009-02-18,629
2009-02-17,652
2009-02-16,699
2009-02-13,724
2009-02-12,726
2009-02-11,740
2009-02-10,752
2009-02-09,761
2009-02-06,734
2009-02-05,729
2009-02-04,749
2009-02-03,753
2009-02-02,764
2009-01-30,774
2009-01-29,781
2009-01-28,786
2009-01-27,769
2009-01-26,769
2009-01-23,751
2009-01-22,768
2009-01-21,784
2009-01-20,799
2009-01-19,818
2009-01-16,842
2009-01-15,832
2009-01-14,839
2009-01-13,860
2009-01-12,874
2009-01-09,877
2009-01-08,875
2009-01-07,880
2009-01-06,905
2009-01-05,884
2009-01-02,870
2008-12-30,858
2008-12-29,868
2008-12-23,847
2008-12-22,820
2008-12-19,819
2008-12-18,834
2008-12-17,833
2008-12-16,838
2008-12-15,836
2008-12-12,823
2008-12-11,848
2008-12-10,869
2008-12-09,848
2008-12-08,856
2008-12-05,824
2008-12-04,842
2008-12-03,819
2008-12-02,821
2008-12-01,843
2008-11-28,863
2008-11-27,847
2008-11-26,817
2008-11-25,817
2008-11-24,792
2008-11-21,745
2008-11-20,733
2008-11-19,777
2008-11-18,777
2008-11-14,810
2008-11-13,775
2008-11-12,826
2008-11-11,867
2008-11-10,904
2008-11-07,894
2008-11-06,867
2008-11-05,904
2008-11-04,935
2008-11-03,901
2008-10-31,878
2008-10-30,865
2008-10-29,792
2008-10-27,700
2008-10-24,751
2008-10-23,852
2008-10-22,854
2008-10-21,888
2008-10-20,864
2008-10-17,843
2008-10-16,939
2008-10-15,999
2008-10-14,1085
2008-10-13,982
2008-10-10,889
2008-10-09,1045
2008-10-08,1043
2008-10-07,1085
2008-10-06,1103
2008-10-03,1205
2008-10-02,1224
2008-10-01,1235
2008-09-30,1205
2008-09-29,1206
2008-09-26,1274
2008-09-25,1301
2008-09-24,1283
2008-09-23,1278
2008-09-22,1310
2008-09-19,1316
2008-09-18,1178
2008-09-17,1188
2008-09-16,1168
2008-09-15,1237
2008-09-12,1291
2008-09-11,1292
2008-09-10,1322
2008-09-09,1390
2008-09-08,1428
2008-09-05,1375
2008-09-04,1429
2008-09-03,1452
2008-09-02,1471
2008-09-01,1468
2008-08-29,1478
2008-08-28,1456
2008-08-27,1444
2008-08-26,1438
2008-08-25,1453
2008-08-22,1455
2008-08-21,1440
2008-08-20,1440
2008-08-19,1432
2008-08-18,1443
2008-08-15,1456
2008-08-14,1448
2008-08-13,1448
2008-08-12,1447
2008-08-11,1457
2008-08-08,1454
2008-08-07,1451
2008-08-06,1460
2008-08-05,1442
2008-08-04,1440
2008-08-01,1447
2008-07-31,1472
2008-07-30,1474
2008-07-29,1444
2008-07-28,1445
2008-07-25,1434
2008-07-24,1442
2008-07-23,1475
2008-07-22,1436
2008-07-21,1451
2008-07-18,1424
2008-07-17,1441
2008-07-16,1399
2008-07-15,1400
2008-07-14,1440
2008-07-11,1444
2008-07-10,1449
2008-07-09,1455
2008-07-08,1423
2008-07-07,1442
2008-07-04,1420
2008-07-03,1441
2008-07-02,1471
2008-07-01,1459
2008-06-30,1484
2008-06-27,1478
2008-06-26,1480
2008-06-25,1510
2008-06-24,1514
2008-06-23,1552
2008-06-20,1559
2008-06-19,1613
2008-06-18,1624
2008-06-17,1634
2008-06-16,1596
2008-06-13,1587
2008-06-12,1602
2008-06-11,1585
2008-06-10,1594
2008-06-09,1618
2008-06-06,1633
2008-06-05,1654
2008-06-04,1648
2008-06-03,1670
2008-06-02,1685
2008-05-30,1685
2008-05-29,1676
2008-05-28,1676
2008-05-27,1645
2008-05-26,1658
2008-05-23,1671
2008-05-22,1677
2008-05-21,1669
2008-05-20,1703
2008-05-19,1711
2008-05-16,1701
2008-05-15,1668
2008-05-14,1655
2008-05-13,1642
2008-05-12,1641
2008-05-09,1637
2008-05-07,1664
2008-05-06,1644
2008-05-05,1646
2008-05-02,1660
2008-04-30,1610
2008-04-29,1583
2008-04-28,1591
2008-04-25,1572
2008-04-24,1564
2008-04-23,1555
2008-04-22,1546
2008-04-21,1563
2008-04-18,1561
2008-04-17,1533
2008-04-16,1538
2008-04-15,1527
2008-04-14,1518
2008-04-11,1533
2008-04-10,1545
2008-04-09,1583
2008-04-08,1578
2008-04-07,1585
2008-04-04,1566
2008-04-03,1569
2008-04-02,1575
2008-04-01,1563
2008-03-31,1552
2008-03-28,1564
2008-03-27,1541
2008-03-26,1511
2008-03-25,1523
2008-03-21,1517
2008-03-20,1497
2008-03-19,1520
2008-03-18,1504
2008-03-17,1469
2008-03-14,1506
2008-03-13,1495
2008-03-12,1523
2008-03-11,1509
2008-03-10,1461
2008-03-07,1468
2008-03-06,1496
2008-03-05,1512
2008-03-04,1486
2008-03-03,1523
2008-02-29,1566
2008-02-28,1570
2008-02-27,1568
2008-02-26,1578
2008-02-25,1566
2008-02-22,1538
2008-02-21,1564
2008-02-20,1570
2008-02-19,1578
2008-02-18,1569
2008-02-15,1542
2008-02-14,1572
2008-02-13,1570
2008-02-12,1524
2008-02-11,1493
2008-02-08,1495
2008-02-07,1501
2008-02-06,1533
2008-02-05,1544
2008-02-04,1567
2008-02-01,1541
2008-01-31,1500
2008-01-30,1521
2008-01-29,1501
2008-01-28,1487
2008-01-25,1537
2008-01-24,1523
2008-01-23,1405
2008-01-22,1464
2008-01-21,1490
2008-01-18,1562
2008-01-17,1562
2008-01-16,1570
2008-01-15,1620
2008-01-14,1652
2008-01-11,1657
2008-01-10,1646
2008-01-09,1689
2008-01-08,1735
2008-01-07,1725
2008-01-04,1760
2008-01-03,1793
2008-01-02,1809
2007-12-28,1815
2007-12-27,1818
2007-12-21,1769
2007-12-20,1795
2007-12-19,1783
2007-12-18,1797
2007-12-17,1772
2007-12-14,1804
2007-12-13,1806
2007-12-12,1843
2007-12-11,1839
2007-12-10,1856
2007-12-07,1843
2007-12-06,1813
2007-12-05,1779
2007-12-04,1757
2007-12-03,1767
2007-11-30,1774
2007-11-29,1758
2007-11-28,1748
2007-11-27,1738
2007-11-26,1771
2007-11-23,1768
2007-11-22,1742
2007-11-21,1728
2007-11-20,1767
2007-11-19,1771
2007-11-16,1794
2007-11-15,1797
2007-11-14,1828
2007-11-13,1811
2007-11-12,1821
2007-11-09,1832
2007-11-08,1861
2007-11-07,1871
2007-11-06,1903
2007-11-05,1889
2007-11-02,1908
2007-11-01,1926
2007-10-31,1908
2007-10-30,1913
2007-10-29,1937
2007-10-26,1910
2007-10-25,1885
2007-10-24,1873
2007-10-23,1868
2007-10-22,1848
2007-10-19,1876
2007-10-18,1886
2007-10-17,1892
2007-10-16,1886
2007-10-15,1908
2007-10-12,1899
2007-10-11,1901
2007-10-10,1881
2007-10-09,1883
2007-10-08,1896
2007-10-05,1882
2007-10-04,1863
2007-10-03,1835
2007-10-02,1846
2007-10-01,1829
2007-09-27,1816
2007-09-26,1825
2007-09-25,1803
2007-09-24,1792
2007-09-21,1794
2007-09-20,1791
2007-09-19,1781
2007-09-18,1751
2007-09-17,1748
2007-09-14,1762
2007-09-13,1770
2007-09-12,1756
2007-09-11,1765
2007-09-10,1758
2007-09-07,1762
2007-09-06,1776
2007-09-05,1806
2007-09-04,1812
2007-09-03,1799
2007-08-31,1789
2007-08-30,1771
2007-08-29,1761
2007-08-28,1774
2007-08-27,1788
2007-08-24,1767
2007-08-23,1750
2007-08-22,1734
2007-08-21,1698
2007-08-20,1691
2007-08-17,1688
2007-08-16,1653
2007-08-15,1750
2007-08-14,1775
2007-08-13,1784
2007-08-10,1751
2007-08-09,1775
2007-08-08,1808
2007-08-07,1770
2007-08-06,1755
2007-08-03,1772
2007-08-02,1768
2007-08-01,1748
2007-07-31,1790
2007-07-30,1765
2007-07-27,1771
2007-07-26,1815
2007-07-25,1852
2007-07-24,1842
2007-07-23,1866
2007-07-20,1855
2007-07-19,1870
2007-07-18,1864
2007-07-17,1853
2007-07-16,1850
2007-07-13,1863
2007-07-12,1880
2007-07-11,1863
2007-07-10,1880
2007-07-09,1904
2007-07-04,1898
2007-07-03,1887
2007-07-02,1857
2007-06-29,1859
2007-06-28,1844
2007-06-27,1835
2007-06-26,1851
2007-06-25,1837
2007-06-22,1848
2007-06-21,1841
2007-06-20,1851
2007-06-19,1839
2007-06-18,1849
2007-06-15,1850
2007-06-14,1853
2007-06-13,1843
2007-06-12,1845
2007-06-11,1843
2007-06-08,1820
2007-06-07,1841
2007-06-06,1839
2007-06-05,1845
2007-06-04,1848
2007-06-01,1851
2007-05-31,1833
2007-05-30,1820
2007-05-29,1829
2007-05-28,1828
2007-05-25,1815
2007-05-24,1824
2007-05-23,1838
2007-05-22,1828
2007-05-21,1833
2007-05-18,1836
2007-05-17,1814
2007-05-16,1816
2007-05-15,1805
2007-05-14,1820
2007-05-11,1819
2007-05-10,1834
2007-05-09,1832
2007-05-07,1826
2007-05-04,1827
2007-05-03,1814
2007-05-02,1815
2007-04-30,1806
2007-04-27,1812
2007-04-26,1820
2007-04-25,1828
2007-04-24,1814
2007-04-23,1815
2007-04-20,1812
2007-04-19,1777
2007-04-18,1794
2007-04-17,1804
2007-04-16,1814
2007-04-13,1788
2007-04-12,1764
2007-04-11,1785
2007-04-10,1771
2007-04-06,1754
2007-04-05,1742
2007-04-04,1745
2007-04-03,1724
2007-04-02,1709
2007-03-30,1712
2007-03-29,1703
2007-03-28,1680
2007-03-27,1693
2007-03-26,1713
2007-03-23,1709
2007-03-22,1691
2007-03-21,1681
2007-03-20,1671
2007-03-19,1654
2007-03-16,1643
2007-03-15,1636
2007-03-14,1628
2007-03-13,1662
2007-03-12,1663
2007-03-09,1675
2007-03-08,1668
2007-03-07,1627
2007-03-06,1629
2007-03-05,1596
2007-03-02,1613
2007-03-01,1594
2007-02-28,1628
2007-02-27,1636
2007-02-26,1706
2007-02-23,1705
2007-02-22,1686
2007-02-21,1672
2007-02-20,1687
2007-02-19,1707
2007-02-16,1701
2007-02-15,1703
2007-02-14,1709
2007-02-13,1694
2007-02-12,1680
2007-02-09,1685
2007-02-08,1692
2007-02-07,1715
2007-02-06,1718
2007-02-05,1694
2007-02-02,1689
2007-02-01,1683
2007-01-31,1663
2007-01-30,1667
2007-01-29,1661
2007-01-26,1661
2007-01-25,1675
2007-01-24,1660
2007-01-23,1641
2007-01-22,1635
2007-01-19,1619
2007-01-18,1624
2007-01-17,1610
2007-01-16,1622
2007-01-15,1618
2007-01-12,1603
2007-01-11,1593
2007-01-10,1565
2007-01-09,1589
2007-01-08,1591
2007-01-05,1600
2007-01-04,1614
2007-01-03,1618
2007-01-02,1618
2006-12-29,1589
2006-12-28,1582
2006-12-27,1570
2006-12-22,1570
2006-12-21,1585
2006-12-20,1579
2006-12-19,1585
2006-12-18,1626
2006-12-15,1623
2006-12-14,1625
2006-12-13,1615
2006-12-12,1620
2006-12-11,1621
2006-12-08,1612
2006-12-07,1614
2006-12-06,1600
2006-12-05,1600
2006-12-04,1586
2006-12-01,1582
2006-11-30,1571
2006-11-29,1560
2006-11-28,1530
2006-11-27,1546
2006-11-24,1545
2006-11-23,1559
2006-11-22,1576
2006-11-21,1561
2006-11-20,1546
2006-11-16,1565
2006-11-15,1547
2006-11-14,1536
2006-11-13,1540
2006-11-10,1540
2006-11-09,1561
2006-11-08,1554
2006-11-07,1552
2006-11-06,1550
2006-11-03,1542
2006-11-02,1535
2006-11-01,1553
2006-10-31,1539
2006-10-30,1525
2006-10-27,1553
2006-10-26,1565
2006-10-25,1562
2006-10-24,1535
2006-10-23,1526
2006-10-20,1516
2006-10-19,1514
2006-10-18,1515
2006-10-17,1492
2006-10-16,1501
2006-10-13,1495
2006-10-12,1475
2006-10-11,1471
2006-10-10,1469
2006-10-09,1451
2006-10-06,1439
2006-10-05,1455
2006-10-04,1453
2006-10-03,1447
2006-10-02,1440
2006-09-29,1448
2006-09-27,1449
2006-09-26,1413
2006-09-25,1389
2006-09-22,1396
2006-09-21,1431
2006-09-20,1445
2006-09-19,1446
2006-09-18,1461
2006-09-15,1472
2006-09-14,1472
2006-09-13,1464
2006-09-12,1452
2006-09-11,1460
2006-09-08,1469
2006-09-07,1452
2006-09-06,1459
2006-09-05,1468
2006-09-04,1461
2006-09-01,1452
2006-08-31,1446
2006-08-30,1434
2006-08-29,1420
2006-08-28,1415
2006-08-25,1428
2006-08-24,1431
2006-08-23,1427
2006-08-22,1429
2006-08-21,1431
2006-08-18,1431
2006-08-17,1427
2006-08-16,1427
2006-08-15,1412
2006-08-14,1414
2006-08-11,1407
2006-08-10,1406
2006-08-09,1430
2006-08-08,1426
2006-08-07,1428
2006-08-04,1431
2006-08-03,1421
2006-08-02,1434
2006-08-01,1429
2006-07-31,1436
2006-07-28,1435
2006-07-27,1432
2006-07-26,1417
2006-07-25,1402
2006-07-24,1385
2006-07-21,1357
2006-07-20,1375
2006-07-19,1344
2006-07-18,1341
2006-07-17,1328
2006-07-14,1321
2006-07-13,1351
2006-07-12,1379
2006-07-11,1366
2006-07-10,1369
2006-07-07,1372
2006-07-04,1376
2006-07-03,1387
2006-06-30,1390
2006-06-29,1346
2006-06-28,1321
2006-06-27,1333
2006-06-26,1311
2006-06-23,1291
2006-06-22,1305
2006-06-21,1315
2006-06-20,1314
2006-06-19,1309
2006-06-16,1278
2006-06-15,1277
2006-06-14,1190
2006-06-13,1167
2006-06-12,1203
2006-06-09,1233
2006-06-08,1250
2006-06-07,1301
2006-06-06,1341
2006-06-05,1364
2006-06-02,1370
2006-06-01,1348
2006-05-31,1329
2006-05-30,1354
2006-05-29,1380
2006-05-26,1390
2006-05-25,1355
2006-05-24,1320
2006-05-23,1378
2006-05-22,1346
2006-05-19,1431
2006-05-18,1440
2006-05-17,1463
2006-05-16,1476
2006-05-15,1470
2006-05-12,1514
2006-05-11,1538
2006-05-10,1535
2006-05-09,1533
2006-05-05,1514
2006-05-04,1496
2006-05-03,1474
2006-05-02,1477
2006-04-28,1494
2006-04-27,1515
2006-04-26,1548
2006-04-25,1543
2006-04-24,1546
2006-04-21,1551
2006-04-20,1548
2006-04-19,1534
2006-04-18,1513
2006-04-14,1515
2006-04-13,1510
2006-04-12,1517
2006-04-11,1518
2006-04-10,1537
2006-04-07,1550
2006-04-06,1546
2006-04-05,1539
2006-04-04,1535
2006-04-03,1532
2006-03-31,1524
2006-03-30,1531
2006-03-29,1516
2006-03-28,1527
2006-03-27,1536
2006-03-24,1539
2006-03-23,1545
2006-03-22,1540
2006-03-21,1544
2006-03-20,1555
2006-03-17,1540
2006-03-16,1538
2006-03-15,1522
2006-03-14,1506
2006-03-13,1529
2006-03-10,1511
2006-03-09,1517
2006-03-08,1507
2006-03-07,1526
2006-03-06,1559
2006-03-03,1560
2006-03-02,1542
2006-03-01,1558
2006-02-28,1548
2006-02-27,1584
2006-02-24,1573
2006-02-23,1566
2006-02-22,1562
2006-02-21,1576
2006-02-20,1562
2006-02-17,1546
2006-02-16,1532
2006-02-15,1519
2006-02-14,1515
2006-02-13,1523
2006-02-10,1519
2006-02-09,1525
2006-02-08,1527
2006-02-07,1530
2006-02-06,1529
2006-02-03,1519
2006-02-02,1528
2006-02-01,1517
2006-01-31,1521
2006-01-30,1524
2006-01-27,1518
2006-01-26,1514
2006-01-25,1529
2006-01-24,1522
2006-01-23,1518
2006-01-20,1527
2006-01-19,1517
2006-01-18,1498
2006-01-17,1518
2006-01-16,1518
2006-01-13,1507
2006-01-12,1514
2006-01-11,1517
2006-01-10,1517
2006-01-09,1527
2006-01-06,1509
2006-01-05,1499
2006-01-04,1496
2006-01-03,1494
2006-01-02,1486
2005-12-30,1473
2005-12-29,1476
2005-12-28,1463
2005-12-27,1468
2005-12-23,1459
2005-12-22,1457
2005-12-21,1455
2005-12-20,1454
2005-12-19,1449
2005-12-16,1441
2005-12-15,1443
2005-12-14,1445
2005-12-13,1440
2005-12-12,1433
2005-12-09,1425
2005-12-08,1437
2005-12-07,1436
2005-12-06,1417
2005-12-05,1423
2005-12-02,1422
2005-12-01,1409
2005-11-30,1403
2005-11-29,1403
2005-11-28,1407
2005-11-25,1403
2005-11-24,1394
2005-11-23,1396
2005-11-22,1379
2005-11-21,1395
2005-11-18,1393
2005-11-16,1380
2005-11-15,1364
2005-11-14,1379
2005-11-11,1397
2005-11-10,1411
2005-11-09,1416
2005-11-08,1422
2005-11-07,1432
2005-11-04,1411
2005-11-03,1404
2005-11-02,1394
2005-11-01,1393
2005-10-31,1381
2005-10-27,1356
2005-10-26,1348
2005-10-25,1350
2005-10-24,1332
2005-10-21,1312
2005-10-20,1310
2005-10-19,1309
2005-10-18,1357
2005-10-17,1353
2005-10-14,1327
2005-10-13,1360
2005-10-12,1411
2005-10-11,1419
2005-10-10,1421
2005-10-07,1398
2005-10-06,1407
2005-10-05,1471
2005-10-04,1478
2005-10-03,1468
2005-09-30,1454
2005-09-29,1451
2005-09-27,1452
2005-09-26,1437
2005-09-23,1421
2005-09-22,1442
2005-09-21,1433
2005-09-20,1436
2005-09-19,1444
2005-09-16,1432
2005-09-15,1415
2005-09-14,1390
2005-09-13,1387
2005-09-12,1380
2005-09-09,1381
2005-09-08,1368
2005-09-07,1354
2005-09-06,1359
2005-09-05,1370
2005-09-02,1385
2005-09-01,1368
2005-08-31,1351
2005-08-30,1328
2005-08-29,1308
2005-08-26,1315
2005-08-25,1314
2005-08-24,1310
2005-08-23,1306
2005-08-22,1299
2005-08-19,1290
2005-08-18,1292
2005-08-17,1292
2005-08-16,1296
2005-08-15,1289
2005-08-12,1285
2005-08-11,1289
2005-08-10,1285
2005-08-09,1279
2005-08-08,1274
2005-08-05,1271
2005-08-04,1275
2005-08-03,1262
2005-08-02,1265
2005-08-01,1263
2005-07-29,1262
2005-07-28,1253
2005-07-27,1258
2005-07-26,1250
2005-07-25,1254
2005-07-22,1247
2005-07-21,1239
2005-07-20,1241
2005-07-19,1241
2005-07-18,1233
2005-07-15,1238
2005-07-14,1241
2005-07-13,1237
2005-07-12,1239
2005-07-11,1228
2005-07-08,1225
2005-07-07,1219
2005-07-04,1221
2005-07-01,1215
2005-06-30,1210
2005-06-29,1208
2005-06-28,1204
2005-06-27,1201
2005-06-24,1202
2005-06-23,1210
2005-06-22,1221
2005-06-21,1213
2005-06-20,1229
2005-06-17,1222
2005-06-16,1226
2005-06-15,1197
2005-06-14,1194
2005-06-13,1203
2005-06-10,1191
2005-06-09,1188
2005-06-08,1177
2005-06-07,1166
2005-06-06,1159
2005-06-03,1162
2005-06-02,1166
2005-06-01,1159
2005-05-31,1156
2005-05-30,1142
2005-05-27,1139
2005-05-26,1129
2005-05-25,1121
2005-05-24,1137
2005-05-23,1139
2005-05-20,1137
2005-05-19,1129
2005-05-18,1111
2005-05-17,1072
2005-05-16,1069
2005-05-13,1085
2005-05-12,1100
2005-05-11,1114
2005-05-10,1121
2005-05-09,1128
2005-05-06,1117
2005-05-05,1117
2005-05-04,1111
2005-05-03,1135
2005-05-02,1146
2005-04-29,1137
2005-04-28,1130
2005-04-27,1143
2005-04-26,1170
2005-04-25,1165
2005-04-22,1170
2005-04-21,1161
2005-04-20,1164
2005-04-19,1171
2005-04-18,1164
2005-04-15,1186
2005-04-14,1197
2005-04-13,1200
2005-04-12,1192
2005-04-11,1188
2005-04-08,1192
2005-04-07,1189
2005-04-06,1186
2005-04-05,1177
2005-04-04,1161
2005-04-01,1169
2005-03-31,1168
2005-03-30,1137
2005-03-29,1162
2005-03-25,1175
2005-03-24,1170
2005-03-23,1145
2005-03-22,1148
2005-03-21,1117
2005-03-18,1138
2005-03-17,1132
2005-03-16,1143
2005-03-15,1214
2005-03-14,1220
2005-03-11,1256
2005-03-10,1263
2005-03-09,1250
2005-03-08,1241
2005-03-07,1250
2005-03-04,1218
2005-03-03,1205
2005-03-02,1211
2005-03-01,1213
2005-02-28,1200
2005-02-25,1188
2005-02-24,1172
2005-02-23,1174
2005-02-22,1177
2005-02-21,1161
2005-02-18,1148
2005-02-17,1140
2005-02-16,1149
2005-02-15,1142
2005-02-14,1142
2005-02-11,1136
2005-02-10,1118
2005-02-09,1121
2005-02-08,1118
2005-02-07,1109
2005-02-04,1105
2005-02-03,1107
2005-02-02,1103
2005-02-01,1107
2005-01-31,1096
2005-01-28,1102
2005-01-27,1094
2005-01-26,1098
2005-01-25,1094
2005-01-24,1063
2005-01-21,1056
2005-01-20,1053
2005-01-19,1061
2005-01-18,1069
2005-01-17,1073
2005-01-14,1061
2005-01-13,1055
2005-01-12,1067
2005-01-11,1075
2005-01-10,1072
2005-01-07,1071
2005-01-06,1061
2005-01-05,1073
2005-01-04,1072
2005-01-03,1051
2004-12-30,1032
2004-12-29,1031
2004-12-28,1021
2004-12-27,1016
2004-12-23,1011
2004-12-22,1007
2004-12-21,1002
2004-12-20,1010
2004-12-17,1013
2004-12-16,1020
2004-12-15,1020
2004-12-14,1015
2004-12-13,994
2004-12-10,992
2004-12-09,985
2004-12-08,1013
2004-12-07,1024
2004-12-06,1021
2004-12-03,1030
2004-12-02,1030
2004-12-01,1018
2004-11-30,1011
2004-11-29,1022
2004-11-26,1028
2004-11-25,1022
2004-11-24,1013
2004-11-23,1000
2004-11-22,998
2004-11-19,1001
2004-11-18,995
2004-11-16,961
2004-11-15,958
2004-11-12,955
2004-11-11,957
2004-11-10,949
2004-11-09,939
2004-11-08,933
2004-11-05,941
2004-11-04,933
2004-11-03,936
2004-11-02,937
2004-11-01,917
2004-10-29,912
2004-10-27,893
2004-10-26,906
2004-10-25,908
2004-10-22,906
2004-10-21,911
2004-10-20,904
2004-10-19,897
2004-10-18,874
2004-10-15,884
2004-10-14,890
2004-10-13,901
2004-10-12,899
2004-10-11,902
2004-10-08,885
2004-10-07,892
2004-10-06,879
2004-10-05,872
2004-10-04,864
2004-10-01,872
2004-09-30,875
2004-09-29,875
2004-09-27,847
2004-09-24,848
2004-09-23,850
2004-09-22,860
2004-09-21,855
2004-09-20,851
2004-09-17,861
2004-09-16,858
2004-09-15,856
2004-09-14,849
2004-09-13,847
2004-09-10,842
2004-09-09,838
2004-09-08,838
2004-09-07,829
2004-09-06,831
2004-09-03,819
2004-09-02,817
2004-09-01,818
2004-08-31,816
2004-08-30,807
2004-08-27,804
2004-08-26,801
2004-08-25,796
2004-08-24,797
2004-08-23,792
2004-08-20,785
2004-08-19,785
2004-08-18,782
2004-08-17,784
2004-08-16,791
2004-08-13,785
2004-08-12,783
2004-08-11,785
2004-08-10,793
2004-08-09,786
2004-08-06,791
2004-08-05,801
2004-08-04,795
2004-08-03,794
2004-08-02,787
2004-07-30,790
2004-07-29,794
2004-07-28,786
2004-07-27,786
2004-07-26,784
2004-07-23,779
2004-07-22,771
2004-07-21,781
2004-07-20,787
2004-07-19,787
2004-07-16,785
2004-07-15,780
2004-07-14,788
2004-07-13,793
2004-07-12,787
2004-07-09,784
2004-07-08,786
2004-07-07,790
2004-07-02,796
2004-07-01,801
2004-06-30,794
2004-06-29,796
2004-06-28,793
2004-06-25,799
2004-06-24,800
2004-06-23,805
2004-06-22,795
2004-06-21,798
2004-06-18,807
2004-06-17,804
2004-06-16,788
2004-06-15,783
2004-06-14,779
2004-06-11,779
2004-06-10,782
2004-06-09,784
2004-06-08,793
2004-06-07,795
2004-06-04,785
2004-06-03,782
2004-06-02,782
2004-06-01,779
2004-05-31,787
2004-05-28,785
2004-05-27,776
2004-05-26,770
2004-05-25,760
2004-05-24,763
2004-05-21,759
2004-05-20,761
2004-05-19,762
2004-05-18,745
2004-05-17,739
2004-05-14,751
2004-05-13,749
2004-05-12,763
2004-05-11,764
2004-05-10,742
2004-05-07,773
2004-05-06,789
2004-05-05,794
2004-05-04,800
2004-05-03,817
2004-04-30,818
2004-04-29,843
2004-04-28,850
2004-04-27,844
2004-04-26,835
2004-04-23,838
2004-04-22,836
2004-04-21,847
2004-04-20,846
2004-04-19,836
2004-04-16,832
2004-04-15,838
2004-04-14,835
2004-04-13,854
2004-04-09,850
2004-04-08,854
2004-04-07,849
2004-04-06,842
2004-04-05,846
2004-04-02,837
2004-04-01,830
2004-03-31,824
2004-03-30,824
2004-03-29,813
2004-03-26,814
2004-03-25,818
2004-03-24,813
2004-03-23,804
2004-03-22,798
2004-03-19,805
2004-03-18,802
2004-03-17,796
2004-03-16,786
2004-03-15,790
2004-03-12,794
2004-03-11,791
2004-03-10,802
2004-03-09,810
2004-03-08,811
2004-03-05,792
2004-03-04,784
2004-03-03,776
2004-03-02,776
2004-03-01,777
2004-02-27,774
2004-02-26,760
2004-02-25,758
2004-02-24,747
2004-02-23,752
2004-02-20,751
2004-02-19,750
2004-02-18,748
2004-02-17,745
2004-02-16,749
2004-02-13,748
2004-02-12,754
2004-02-11,741
2004-02-10,732
2004-02-09,726
2004-02-06,720
2004-02-05,714
2004-02-04,710
2004-02-03,703
2004-02-02,698
2004-01-30,692
2004-01-29,692
2004-01-28,690
2004-01-27,687
2004-01-26,688
2004-01-23,692
2004-01-22,693
2004-01-21,688
2004-01-20,689
2004-01-19,688
2004-01-16,684
2004-01-15,679
2004-01-14,677
2004-01-13,675
2004-01-12,663
2004-01-09,665
2004-01-08,668
2004-01-07,674
2004-01-06,670
2004-01-05,662
2003-12-30,659
2003-12-29,657
2003-12-23,649
2003-12-22,648
2003-12-19,641
2003-12-18,634
2003-12-17,621
2003-12-16,625
2003-12-15,629
2003-12-12,625
2003-12-11,616
2003-12-10,614
2003-12-09,618
2003-12-08,613
2003-12-05,614
2003-12-04,614
2003-12-03,622
2003-12-02,615
2003-12-01,627
2003-11-28,624
2003-11-27,626
2003-11-26,624
2003-11-25,624
2003-11-24,626
2003-11-21,624
2003-11-20,619
2003-11-19,628
2003-11-18,633
2003-11-14,641
2003-11-13,634
2003-11-12,630
2003-11-11,630
2003-11-10,643
2003-11-07,643
2003-11-06,642
2003-11-05,644
2003-11-04,644
2003-11-03,645
2003-10-31,637
2003-10-30,633
2003-10-29,625
2003-10-27,625
2003-10-24,633
2003-10-23,629
2003-10-22,632
2003-10-21,649
2003-10-20,649
2003-10-17,652
2003-10-16,645
2003-10-15,643
2003-10-14,635
2003-10-13,635
2003-10-10,626
2003-10-09,619
2003-10-08,614
2003-10-07,620
2003-10-06,612
2003-10-03,622
2003-10-02,624
2003-10-01,615
2003-09-30,602
2003-09-29,609
2003-09-26,609
2003-09-25,615
2003-09-24,622
2003-09-23,621
2003-09-22,613
2003-09-19,635
2003-09-18,639
2003-09-17,648
2003-09-16,641
2003-09-15,634
2003-09-12,633
2003-09-11,638
2003-09-10,633
2003-09-09,636
2003-09-08,648
2003-09-05,643
2003-09-04,645
2003-09-03,649
2003-09-02,640
2003-09-01,625
2003-08-29,619
2003-08-28,618
2003-08-27,614
2003-08-26,605
2003-08-25,612
2003-08-22,612
2003-08-21,604
2003-08-20,589
2003-08-19,584
2003-08-18,575
2003-08-15,574
2003-08-14,573
2003-08-13,575
2003-08-12,567
2003-08-11,565
2003-08-08,566
2003-08-07,561
2003-08-06,566
2003-08-05,568
2003-08-04,571
2003-08-01,574
2003-07-31,569
2003-07-30,562
2003-07-29,554
2003-07-28,552
2003-07-25,547
2003-07-24,550
2003-07-23,552
2003-07-22,558
2003-07-21,559
2003-07-18,556
2003-07-17,555
2003-07-16,558
2003-07-15,556
2003-07-14,560
2003-07-11,550
2003-07-10,543
2003-07-09,543
2003-07-08,546
2003-07-07,545
2003-07-04,541
2003-07-03,537
2003-07-02,539
2003-07-01,537
2003-06-30,535
2003-06-27,536
2003-06-26,535
2003-06-25,532
2003-06-24,546
2003-06-23,550
2003-06-20,544
2003-06-19,542
2003-06-18,533
2003-06-17,553
2003-06-16,555
2003-06-13,571
2003-06-12,572
2003-06-11,571
2003-06-10,573
2003-06-09,576
2003-06-06,581
2003-06-05,570
2003-06-04,568
2003-06-03,568
2003-06-02,563
2003-05-30,556
2003-05-29,556
2003-05-28,552
2003-05-27,551
2003-05-26,553
2003-05-23,552
2003-05-22,553
2003-05-21,551
2003-05-20,549
2003-05-19,549
2003-05-16,544
2003-05-15,546
2003-05-14,546
2003-05-13,540
2003-05-12,537
2003-05-09,536
2003-05-07,540
2003-05-06,543
2003-05-05,535
2003-05-02,528
2003-04-30,521
2003-04-29,523
2003-04-28,521
2003-04-25,515
2003-04-24,516
2003-04-23,517
2003-04-22,505
2003-04-18,506
2003-04-17,504
2003-04-16,499
2003-04-15,505
2003-04-14,506
2003-04-11,506
2003-04-10,505
2003-04-09,506
2003-04-08,508
2003-04-07,506
2003-04-04,497
2003-04-03,492
2003-04-02,501
2003-04-01,499
2003-03-31,493
2003-03-28,490
2003-03-27,489
2003-03-25,488
2003-03-24,486
2003-03-21,485
2003-03-20,480
2003-03-19,477
2003-03-18,478
2003-03-17,478
2003-03-14,478
2003-03-13,473
2003-03-12,464
2003-03-11,460
2003-03-10,463
2003-03-07,464
2003-03-06,463
2003-03-05,464
2003-03-04,466
2003-03-03,472
2003-02-28,473
2003-02-27,475
2003-02-26,479
2003-02-25,477
2003-02-24,480
2003-02-21,483
2003-02-20,482
2003-02-19,480
2003-02-18,480
2003-02-17,479
2003-02-14,477
2003-02-13,478
2003-02-12,476
2003-02-11,478
2003-02-10,476
2003-02-07,477
2003-02-06,472
2003-02-05,475
2003-02-04,471
2003-02-03,473
2003-01-31,465
2003-01-30,469
2003-01-29,466
2003-01-28,470
2003-01-27,468
2003-01-24,470
2003-01-23,468
2003-01-22,469
2003-01-21,474
2003-01-20,473
2003-01-17,475
2003-01-16,483
2003-01-15,483
2003-01-14,477
2003-01-13,471
2003-01-10,465
2003-01-09,463
2003-01-08,464
2003-01-07,470
2003-01-06,469
2003-01-03,468
2003-01-02,465
2002-12-30,461
2002-12-27,453
2002-12-23,453
2002-12-20,453
2002-12-19,453
2002-12-18,449
2002-12-17,453
2002-12-16,464
2002-12-13,465
2002-12-12,466
2002-12-11,465
2002-12-10,463
2002-12-09,460
2002-12-06,451
2002-12-05,459
2002-12-03,455
2002-12-02,467
2002-11-29,464
2002-11-28,464
2002-11-27,466
2002-11-26,455
2002-11-25,460
2002-11-22,459
2002-11-21,455
2002-11-20,448
2002-11-19,444
2002-11-18,449
2002-11-15,450
2002-11-14,447
2002-11-13,440
2002-11-12,440
2002-11-11,439
2002-11-08,438
2002-11-07,438
2002-11-06,435
2002-11-05,435
2002-11-04,436
2002-11-01,435
2002-10-31,431
2002-10-30,424
2002-10-29,430
2002-10-25,428
2002-10-23,433
2002-10-22,435
2002-10-21,435
2002-10-18,430
2002-10-17,430
2002-10-16,422
2002-10-15,423
2002-10-14,414
2002-10-11,420
2002-10-10,411
2002-10-09,407
2002-10-08,410
2002-10-07,412
2002-10-04,421
2002-10-03,431
2002-10-02,441
2002-10-01,441
2002-09-30,442
2002-09-25,448
2002-09-24,440
2002-09-23,443
2002-09-20,448
2002-09-19,447
2002-09-16,448
2002-09-13,442
2002-09-12,446
2002-09-11,454
2002-09-10,449
2002-09-09,446
2002-09-06,448
2002-09-05,438
2002-09-03,435
2002-09-02,444
2002-08-30,451
2002-08-29,453
2002-08-26,463
2002-08-23,459
2002-08-22,457
2002-08-21,459
2002-08-20,454
2002-08-19,462
2002-08-16,453
2002-08-15,446
2002-08-12,456
2002-08-07,446
2002-08-05,438
2002-08-02,449
2002-08-01,452
2002-07-31,450
2002-07-30,434
2002-07-26,420
2002-07-24,407
2002-07-23,420
2002-07-22,413
2002-07-19,421
2002-07-18,431
2002-07-17,429
2002-07-15,416
2002-07-12,425
2002-07-11,421
2002-07-09,435
2002-07-08,423
2002-07-04,408
2002-07-03,400
2002-07-02,391
2002-07-01,408
2002-06-28,413
2002-06-27,422
2002-06-26,415
2002-06-25,427
2002-06-24,432
2002-06-21,442
2002-06-20,444
2002-06-19,448
2002-06-18,454
2002-06-17,455
2002-06-14,448
2002-06-13,463
2002-06-12,459
2002-06-11,461
2002-06-10,456
2002-06-07,454
2002-06-06,457
2002-06-05,460
2002-06-04,460
2002-06-03,468
2002-05-31,451
2002-05-30,457
2002-05-29,465
2002-05-28,467
2002-05-27,471
2002-05-24,464
2002-05-23,468
2002-05-22,465
2002-05-21,466
2002-05-20,467
2002-05-17,473
2002-05-16,472
2002-05-15,468
2002-05-14,470
2002-05-13,476
2002-05-10,479
2002-05-09,474
2002-05-07,465
2002-05-06,462
2002-05-03,462
2002-05-02,459
2002-04-30,449
2002-04-29,450
2002-04-26,458
2002-04-25,451
2002-04-24,445
2002-04-23,444
2002-04-22,442
2002-04-19,443
2002-04-18,445
2002-04-17,452
2002-04-16,449
2002-04-15,447
2002-04-11,441
2002-04-10,449
2002-04-09,448
2002-04-08,440
2002-04-05,434
2002-04-04,428
2002-04-03,427
2002-04-02,425
2002-03-29,429
2002-03-28,432
2002-03-27,427
2002-03-26,423
2002-03-25,427
2002-03-22,429
2002-03-21,416
2002-03-20,418
2002-03-19,421
2002-03-18,432
2002-03-15,435
2002-03-14,439
2002-03-13,440
2002-03-12,435
2002-03-11,438
2002-03-08,440
2002-03-07,436
2002-03-06,425
2002-03-05,423
2002-03-04,424
2002-03-01,420
2002-02-28,416
2002-02-27,418
2002-02-26,415
2002-02-25,414
2002-02-22,406
2002-02-21,408
2002-02-20,416
2002-02-19,405
2002-02-18,400
2002-02-15,398
2002-02-14,408
2002-02-13,408
2002-02-12,409
2002-02-11,407
2002-02-08,406
2002-02-07,405
2002-02-06,413
2002-02-05,419
2002-02-04,420
2002-02-01,422
2002-01-31,425
2002-01-30,415
2002-01-29,419
2002-01-28,422
2002-01-25,422
2002-01-24,422
2002-01-23,417
2002-01-22,418
2002-01-21,407
2002-01-18,405
2002-01-17,406
2002-01-16,403
2002-01-15,403
2002-01-14,406
2002-01-11,412
2002-01-10,408
2002-01-09,405
2002-01-08,401
2002-01-07,405
2002-01-04,399
2002-01-03,398
